case,pred_source,hard_vox,soft_vox,volume_diff_ratio,exact_dice,skel_precision_tol1,skel_recall_tol1,tolerance_f1_tol1,soft_components,soft_longest_ratio,soft_mse_to_hard_dist
A_1065847,simulated_from_gt,200,242,0.21,0.2534,0.8512,0.95,0.8979,2,0.9628,2.610468800412491e-05
A_1093394,simulated_from_gt,171,188,0.0994,0.2953,0.8883,0.9357,0.9114,2,0.9043,1.832495763665065e-05
A_1153975,simulated_from_gt,215,245,0.1395,0.3,0.9143,0.9814,0.9467,1,1.0,2.4629922336316667e-05
A_1174043,/kaggle/input/datasets/xztkaltsit/nnu-net-pre-nrrd/A_1174043.nii,157,135,-0.1401,0.3082,0.9333,0.7898,0.8556,4,0.8074,2.319116538274102e-05
A_1286056,simulated_from_gt,192,199,0.0365,0.3478,0.9447,0.9792,0.9616,1,1.0,2.0017221686430275e-05
