case,patch_shape,status,loss,cl_loss,tprec,tsens,cldice,peak_mem_gb,elapsed_sec,grad_exists,grad_nonzero_ratio,grad_abs_mean,grad_abs_max,grad_finite,error
A_1065847,"(64, 64, 64)",ok,0.06781236082315445,0.06775718927383423,1.0,0.8096274733543396,0.9322428107261658,3.163,2.6,True,0.9887886047363281,5.0088328862329945e-06,0.026649780571460724,True,
A_1065847,"(96, 96, 76)",ok,0.059450484812259674,0.059422433376312256,0.9925925731658936,0.8368576169013977,0.9405775666236877,8.043,1.79,True,0.9939621686935425,2.093570174110937e-06,0.018010452389717102,True,
,128^3,cuda_oom,,,,,,,,,,,,,"CUDA out of memory. Tried to allocate 2.00 MiB. GPU 0 has a total capacity of 14.56 GiB of which 1.81 MiB is free. Including non-PyTorch memory, this process has 14.56 GiB memory in use. Of the alloca"
